<?xml version="1.0" encoding="UTF-8"?>
<extension version="3.0" type="template" client="site">
    <name>companylogo</name>
    <description>TPL_COMPANYLOGO_DESC</description>
    <version>1.0.0</version>
    <creationDate>TPL_COMPANYLOGO_DATE</creationDate>
    <author>Igor Goferberg</author>
    <authorEmail>igorgof@yandex.ru</authorEmail>
    <authorUrl>None</authorUrl>
    <license>GNU GPL v3</license>
    <copyright>TPL_COMPANYLOGO_COPY</copyright>

    <files>
        <filename>index.html</filename>
        <filename>index.php</filename>
        <filename>templateDetails.xml</filename>
        <filename>template_thumbnail.png</filename>
        <filename>template_preview.png</filename>
        <filename>style.css</filename>

        <folder>images</folder>
        <folder>html</folder>
    </files>

    <positions>
        <position>position-0</position>
        <position>position-1</position>
        <position>position-2</position>
        <position>position-3</position>
    </positions>

    <languages folder="language">
        <language tag="ru-RU">ru-RU/ru-RU.tpl_companylogo.ini</language>
        <language tag="ru-RU">ru-RU/ru-RU.tpl_companylogo.sys.ini</language>

        <language tag="ru-RU">en-GB/en-GB.tpl_companylogo.ini</language>
        <language tag="ru-RU">en-GB/en-GB.tpl_companylogo.sys.ini</language>
    </languages>

</extension>
