﻿<?xml version="1.0" encoding="utf-8"?>

<extension type="component" version="3.3" method="upgrade">

	<name>COM_NEWS</name>
	<creationDate>November 2015</creationDate>
	<author>Igor Goferberg</author>
	<authorEmail>igorgof@yandex.ru</authorEmail>
	<authorUrl>http://selkup.net</authorUrl>
	<license>GNU GPL</license>
	<version>1.0.1</version>
	
	<description>COM_NEWS_DESCRIPTION</description>
	
	<files folder="site">
		<folder>language</folder>
		<folder>models</folder>
		<folder>views</folder>
		
		<filename>news.php</filename>
		<filename>controller.php</filename>
		
	</files>
	
	<languages folder="site/language">
		
		<language tag="ru-RU">ru-RU/ru-RU.com_news.ini</language>
		
	</languages>
	
	<install>
		<sql>
		
			<file driver='mysql' charset="utf-8">sql/install.mysql.utf-8.sql</file>
		
		</sql>
	</install>
	<uninstall>
		<sql>
		
			<file driver='mysql' charset="utf-8">sql/uninstall.mysql.utf-8.sql</file>
		
		</sql>
	</uninstall>
	<administration>
		<menu link="index.php?option=com_news">COM_NEWS</menu>
		<file folder="admin">
			<folder>views</folder>
			<folder>models</folder>
			<folder>controllers</folder>
			<folder>language</folder>
			<folder>tables</folder>
			<folder>sql</folder>
			
			<filename>news.php</filename>
			<filename>controller.php</filename>
		</file>
		
		<language folder="admin/language">
			<language tag="ru-RU">ru-RU/ru-RU.com_news.ini</language>
			<language tag="ru-RU">ru-RU/ru-RU.com_news.sys.ini</language>
		</language>
	</administration>

</extension>












